redditor_id,name,created_at,karma,is_gold,is_mod,trophy,removed
13b96l,TrueNorthGreen,2016-12-04 20:36:52+00,"{""link"":104761,""total"":109929,""awardee"":55,""awarder"":0,""comment"":5113}",false,"{""t5_2qv0t"":[""BCpolitics"",4982],""t5_2si2n"":[""nelsonbc"",2805],""t5_2t1l0"":[""tsawwassen"",417],""t5_2t4rt"":[""MapleRidge"",9055],""t5_2t6vc"":[""shawniganlake"",206],""t5_2tyur"":[""NovaScotiaPolitics"",944],""t5_2u37v"":[""Sechelt"",500],""t5_2vmrj"":[""TrailBC"",132],""t5_2vp2g"":[""GoldenBC"",1310],""t5_2wnxn"":[""a:t5_2wnxn"",0],""t5_2wsl3"":[""Albertapolitics"",7543],""t5_2yfh8"":[""Parksville"",1055],""t5_2yl4u"":[""RepublicOfDoyle"",98],""t5_2z26f"":[""a:t5_2z26f"",0],""t5_2zizo"":[""SalishSea"",226],""t5_31rqd"":[""gpo"",134],""t5_39xw3"":[""a:t5_39xw3"",0],""t5_3bvgv"":[""greenpartybc"",268],""t5_3cto7"":[""GreenPartyOfCanada"",2213],""t5_3icgd"":[""GreenPartyOfPEI"",76],""t5_3ij0n"":[""GalianoIsland"",178],""t5_3ijfv"":[""GreenPartyNB"",106],""t5_3iu2j"":[""GreenPartyOfManitoba"",59],""t5_3iwix"":[""YukonPolitics"",175],""t5_3jbsb"":[""SaskGreenParty"",40],""t5_3k4rh"":[""PartiVertQuebec"",43],""t5_3k5cu"":[""QualicumBeach"",529],""t5_3l0sd"":[""nbpolitics"",4122],""t5_3l1i0"":[""GreenPartyOfAlberta"",45],""t5_3l36v"":[""FallRiverNS"",82],""t5_3mdna"":[""SidneyBC"",809],""t5_3me6d"":[""a:t5_3me6d"",0],""t5_3mf6w"":[""a:t5_3mf6w"",1],""t5_3mzji"":[""VancouverPolitics"",1511],""t5_3mzks"":[""SaanichPeninsula"",755],""t5_3nekm"":[""YukonGreenParty"",41],""t5_3nf6k"":[""a:t5_3nf6k"",0],""t5_3nkr3"":[""DuncanBC"",926],""t5_3nrwu"":[""Valemount"",75],""t5_3nwzi"":[""DeltaBritishColumbia"",320],""t5_3okx5"":[""NechakoLakes"",8],""t5_3oor0"":[""OakBayBritishColumbia"",643],""t5_3oulm"":[""SeaToSky"",89],""t5_3swqk"":[""ManitobaPolitics"",2750],""t5_3thvq"":[""SaskatchewanPolitics"",2380],""t5_3u311"":[""PEIpolitics"",244],""t5_43oe4"":[""NLPolitics"",229],""t5_44efk"":[""NunavutPolitics"",158],""t5_44eg0"":[""NWTPolitics"",100],""t5_4bnz5"":[""GreenPartyNL"",18],""t5_9f1xv"":[""GabriolaIsland"",307],""t5_9kgcb"":[""a:t5_9kgcb"",0],""t5_a1icp"":[""Stikine"",8],""t5_a3uwa"":[""Quebec_Politics"",351],""t5_aa1de"":[""a:t5_aa1de"",0],""t5_ae7tz"":[""a:t5_ae7tz"",0],""t5_am15b"":[""a:t5_am15b"",0],""t5_amdjc"":[""a:t5_amdjc"",0],""t5_bwfl1"":[""Vancouver_BC"",198],""t5_cifam"":[""a:t5_cifam"",0],""t5_cz14c"":[""Canada_Politics"",1240],""t5_f05ox"":[""a:t5_f05ox"",0],""t5_f062u"":[""a:t5_f062u"",0],""t5_f06j3"":[""a:t5_f06j3"",0],""t5_f3muj"":[""a:t5_f3muj"",0],""t5_f3ncj"":[""a:t5_f3ncj"",1],""t5_fks5r"":[""a:t5_fks5r"",0],""t5_g2buy"":[""a:t5_g2buy"",0],""t5_g3jpt"":[""a:t5_g3jpt"",0],""t5_g3k2j"":[""a:t5_g3k2j"",0],""t5_g3kkz"":[""a:t5_g3kkz"",0],""t5_gn2hf"":[""a:t5_gn2hf"",2],""t5_gs29j"":[""a:t5_gs29j"",0],""t5_gyr5m"":[""VancouverSports"",108],""t5_gyx7s"":[""a:t5_gyx7s"",0],""t5_hadwq"":[""a:t5_hadwq"",0],""t5_ia1ut"":[""DenmanIsland"",88],""t5_ihryp"":[""BCFootballConference"",8],""t5_j5hza"":[""LadnerBC"",252],""t5_jc2p0"":[""a:t5_jc2p0"",0],""t5_jmcv3"":[""a:t5_jmcv3"",0],""t5_lrb29"":[""ProRep"",31],""t5_m2hp7"":[""a:t5_m2hp7"",0],""t5_ms307"":[""a:t5_ms307"",0],""t5_o23fb"":[""a:t5_o23fb"",0],""t5_og3mz"":[""a:t5_og3mz"",0],""t5_oqgmi"":[""a:t5_oqgmi"",0],""t5_p1e2q"":[""a:t5_p1e2q"",1],""t5_w68xy"":[""a:t5_w68xy"",0],""t5_y1yti"":[""a:t5_y1yti"",0],""t5_z1vrn"":[""a:t5_z1vrn"",0],""t5_10lokt"":[""a:t5_10lokt"",0],""t5_10th0x"":[""ClimateCrisisCanada"",6087],""t5_10zzoa"":[""GreenNewDealCanada"",58],""t5_11b1yz"":[""ConsumerRightsCanada"",106],""t5_11j38v"":[""Newfoundland_Labrador"",103],""t5_11jakj"":[""a:t5_11jakj"",0],""t5_123yka"":[""a:t5_123yka"",0],""t5_12dosr"":[""a:t5_12dosr"",0],""t5_13andn"":[""a:t5_13andn"",0],""t5_232d3g"":[""PrairieFootballConf"",43],""t5_232f3k"":[""OntarioFootballConf"",4],""t5_23317o"":[""a:t5_23317o"",0],""t5_23m9oq"":[""a:t5_23m9oq"",0],""t5_25rkhj"":[""a:t5_25rkhj"",0],""t5_28nbfp"":[""a:t5_28nbfp"",0]}","{""list"":[""Eight-Year Club"",""Verified Email""],""count"":2}",active
15e0h,ADavies,2007-02-19 16:05:56+00,"{""link"":8365,""total"":49591,""awardee"":42,""awarder"":0,""comment"":41184}",false,"{""t5_3c756"":[""a:t5_3c756"",0]}","{""list"":[""15-Year Club"",""Secret Santa"",""Alpha Tester"",""Team Periwinkle"",""Verified Email""],""count"":5}",active
3hhfq,yoshiary,2009-05-19 20:14:16+00,"{""link"":1356,""total"":13974,""awardee"":38,""awarder"":0,""comment"":12580}",false,,"{""list"":[""15-Year Club"",""Place '22"",""Place '17"",""Sequence | Editor"",""Team Orangered""],""count"":5}",active
4eczn,madgicalcats,2010-10-03 19:37:24+00,"{""link"":479,""total"":481,""awardee"":0,""awarder"":0,""comment"":2}",false,,"{""list"":[""14-Year Club""],""count"":1}",active
5i1p7,Tweitwei,2011-07-12 01:03:02+00,"{""link"":503,""total"":731,""awardee"":0,""awarder"":0,""comment"":228}",false,,"{""list"":[""13-Year Club"",""Verified Email""],""count"":2}",active
6ahhi,mcfuuuu,2011-11-22 10:44:51+00,"{""link"":2812,""total"":17222,""awardee"":102,""awarder"":2263,""comment"":12045}",false,,"{""list"":[""13-Year Club"",""Gilding I"",""Verified Email"",""RPAN Viewer""],""count"":4}",active
7g68k,nickofnz,2012-04-14 02:04:12+00,"{""link"":8600,""total"":9121,""awardee"":0,""awarder"":0,""comment"":521}",false,"{""t5_3jj4f"":[""a:t5_3jj4f"",0]}","{""list"":[""12-Year Club"",""Verified Email""],""count"":2}",active
9cki6,ILikeNeurons,2012-10-19 06:04:43+00,"{""link"":735132,""total"":1588363,""awardee"":36848,""awarder"":6126,""comment"":810257}",true,"{""t5_2rakv"":[""sextips"",73910],""t5_32ith"":[""carbontax"",1510],""t5_376y9"":[""climatesolutions"",1790],""t5_3f6f0"":[""CitizensClimateLobby"",15423],""t5_3fo0j"":[""EndFPTP"",11877],""t5_qiodh"":[""ClimateOffensive"",73582],""t5_4l6bzn"":[""stoprape"",4467]}","{""list"":[""12-Year Club"",""Gilding VII"",""Verified Email"",""Mod 101"",""Argentium Club"",""Place '22"",""End Game '22"",""Wearing is Caring"",""100 Awards Club"",""Reddit Premium""],""count"":10}",active
9iygg,custom1made,2012-11-07 01:24:42+00,"{""link"":1272,""total"":1273,""awardee"":0,""awarder"":0,""comment"":1}",false,,"{""list"":[""12-Year Club"",""Verified Email""],""count"":2}",active
apbl7,ciderpunx,2013-02-23 12:24:30+00,"{""link"":2001,""total"":2285,""awardee"":0,""awarder"":0,""comment"":284}",false,,"{""list"":[""11-Year Club"",""Verified Email""],""count"":2}",active
b92fq,Classic_pockets,2013-04-09 12:37:43+00,"{""link"":33,""total"":908,""awardee"":0,""awarder"":0,""comment"":875}",false,,"{""list"":[""11-Year Club"",""Verified Email""],""count"":2}",active
bf0po,mathsalt,2013-04-22 19:52:23+00,"{""link"":325,""total"":341,""awardee"":0,""awarder"":0,""comment"":16}",false,,"{""list"":[""11-Year Club"",""Place '22"",""Verified Email""],""count"":3}",active
c6rwy,Sp3y,2013-06-27 23:23:25+00,"{""link"":3,""total"":33,""awardee"":0,""awarder"":0,""comment"":30}",false,,"{""list"":[""11-Year Club""],""count"":1}",active
ceyut,NoPyroNoParty,2013-07-17 22:26:23+00,"{""link"":11297,""total"":23757,""awardee"":0,""awarder"":0,""comment"":12460}",false,{},"{""list"":[""11-Year Club"",""Gilding II"",""Verified Email""],""count"":3}",active
d5ejy,oropot,2013-09-14 14:10:47+00,"{""link"":364,""total"":364,""awardee"":0,""awarder"":0,""comment"":0}",false,,"{""list"":[""11-Year Club""],""count"":1}",active
dyeh2,EetD,2013-11-17 18:13:29+00,"{""link"":17107,""total"":21131,""awardee"":294,""awarder"":19,""comment"":3711}",false,,"{""list"":[""11-Year Club"",""Verified Email""],""count"":2}",active
f9fdo,themaltingpot,2014-02-13 21:47:18+00,"{""link"":467,""total"":486,""awardee"":0,""awarder"":0,""comment"":19}",false,,"{""list"":[""Ten-Year Club"",""Verified Email""],""count"":2}",active
hk8jg,carbonbased84,2014-07-25 04:39:28+00,"{""link"":1,""total"":456,""awardee"":0,""awarder"":0,""comment"":455}",false,,"{""list"":[""Ten-Year Club"",""Verified Email""],""count"":2}",active
hqfe7,TruckerJay,2014-08-05 14:28:24+00,"{""link"":928,""total"":11713,""awardee"":242,""awarder"":0,""comment"":10543}",false,,"{""list"":[""Ten-Year Club"",""Verified Email"",""Place '23"",""Place '22""],""count"":4}",active
i3f58,ultranerdy,2014-08-28 21:26:57+00,"{""link"":150,""total"":151,""awardee"":0,""awarder"":0,""comment"":1}",false,,"{""list"":[""Ten-Year Club"",""Verified Email""],""count"":2}",active
igzs9,Loonity,2014-09-19 13:29:07+00,"{""link"":915,""total"":5095,""awardee"":0,""awarder"":0,""comment"":4180}",false,,"{""list"":[""Ten-Year Club"",""Verified Email""],""count"":2}",active
ivbzm,TheDemission,2014-10-15 18:41:32+00,"{""link"":4,""total"":4,""awardee"":0,""awarder"":0,""comment"":0}",false,,"{""list"":[""Ten-Year Club"",""Place '22"",""Verified Email""],""count"":3}",active
iz8qm,Kiki_ka,2014-10-21 20:40:36+00,"{""link"":3875,""total"":5261,""awardee"":0,""awarder"":0,""comment"":1386}",false,,"{""list"":[""Ten-Year Club"",""RedditGifts 2009-2022"",""Not Forgotten"",""Verified Email""],""count"":4}",active
jhy4b,energynew,2014-11-21 08:13:16+00,"{""link"":719,""total"":727,""awardee"":0,""awarder"":0,""comment"":8}",false,,"{""list"":[""Ten-Year Club"",""Verified Email""],""count"":2}",active
jl3fh,FlyingSpongy,2014-11-25 03:12:47+00,"{""link"":26,""total"":29,""awardee"":0,""awarder"":0,""comment"":3}",false,,"{""list"":[""Ten-Year Club""],""count"":1}",active
matuv,stafref,2015-03-17 19:40:21+00,"{""link"":1,""total"":2,""awardee"":0,""awarder"":0,""comment"":1}",false,,"{""list"":[""Nine-Year Club"",""Verified Email""],""count"":2}",active
ml2ug,georgi_tomov,2015-03-30 14:01:19+00,"{""link"":1518,""total"":1525,""awardee"":0,""awarder"":0,""comment"":7}",false,,"{""list"":[""Nine-Year Club""],""count"":1}",active
mnlvj,GlobalJusticeNow,2015-04-02 15:24:31+00,"{""link"":30,""total"":30,""awardee"":0,""awarder"":0,""comment"":0}",false,,"{""list"":[""Nine-Year Club""],""count"":1}",active
njj8n,Al3Ska,2015-05-18 15:09:13+00,"{""link"":1946,""total"":2544,""awardee"":0,""awarder"":0,""comment"":598}",false,"{""t5_3gvkj"":[""The3Million"",179]}","{""list"":[""Nine-Year Club"",""Verified Email""],""count"":2}",active
nvzds,smvo,2015-06-03 20:37:36+00,"{""link"":12532,""total"":12612,""awardee"":0,""awarder"":0,""comment"":80}",false,,"{""list"":[""Nine-Year Club"",""Verified Email""],""count"":2}",active
ory5w,vactomu,2015-07-14 00:16:08+00,"{""link"":8452,""total"":8597,""awardee"":91,""awarder"":0,""comment"":54}",false,,"{""list"":[""Nine-Year Club"",""Verified Email""],""count"":2}",active
pbdbr,matthewmaclennan,2015-08-04 22:46:46+00,"{""link"":1,""total"":2,""awardee"":0,""awarder"":0,""comment"":1}",false,,"{""list"":[""Nine-Year Club""],""count"":1}",active
pl542,jjsidney,2015-08-16 01:04:18+00,"{""link"":1307,""total"":1423,""awardee"":0,""awarder"":0,""comment"":116}",false,,"{""list"":[""Nine-Year Club"",""Verified Email""],""count"":2}",active
q1460,Tom_Hunt,2015-09-01 10:45:05+00,"{""link"":171,""total"":171,""awardee"":0,""awarder"":0,""comment"":0}",false,,"{""list"":[""Nine-Year Club""],""count"":1}",active
qirpx,MicrogridMedia,2015-09-17 04:27:35+00,"{""link"":307,""total"":317,""awardee"":0,""awarder"":0,""comment"":10}",false,"{""t5_3agzh"":[""a:t5_3agzh"",0]}","{""list"":[""Nine-Year Club"",""Verified Email""],""count"":2}",active
qrxei,hipsfromhell,2015-09-27 22:40:21+00,"{""link"":240,""total"":276,""awardee"":0,""awarder"":0,""comment"":36}",false,"{""t5_3be6c"":[""a:t5_3be6c"",0]}","{""list"":[""Nine-Year Club"",""Verified Email""],""count"":2}",active
rk05n,manuelmarchal,2015-10-29 06:58:44+00,"{""link"":2,""total"":2,""awardee"":0,""awarder"":0,""comment"":0}",false,,"{""list"":[""Nine-Year Club""],""count"":1}",active
rpazb,fabio87645,2015-11-03 17:26:29+00,"{""link"":1,""total"":1,""awardee"":0,""awarder"":0,""comment"":0}",false,,"{""list"":[""Nine-Year Club""],""count"":1}",active
s045n,nadoave1,2015-11-13 17:55:48+00,"{""link"":1,""total"":1,""awardee"":0,""awarder"":0,""comment"":0}",false,,"{""list"":[""Nine-Year Club""],""count"":1}",active
sb5ml,nepareizais,2015-11-23 00:22:32+00,"{""link"":1743,""total"":1761,""awardee"":0,""awarder"":0,""comment"":18}",false,,"{""list"":[""Nine-Year Club""],""count"":1}",active
sf4yq,DigitalAgendaEU,2015-11-26 14:14:58+00,"{""link"":251,""total"":254,""awardee"":0,""awarder"":0,""comment"":3}",false,,"{""list"":[""Nine-Year Club"",""Verified Email""],""count"":2}",active
shnrn,tintino,2015-11-28 20:48:00+00,"{""link"":3,""total"":3,""awardee"":0,""awarder"":0,""comment"":0}",false,,"{""list"":[""Nine-Year Club""],""count"":1}",active
sm5iw,paul_aroid,2015-12-02 12:06:58+00,"{""link"":21,""total"":21,""awardee"":0,""awarder"":0,""comment"":0}",false,,"{""list"":[""Nine-Year Club""],""count"":1}",active
suspended:miraoister,miraoister,,"{""total"":254,""awardee"":254,""awarder"":0}",,,,suspended
suzsk,utkalaputra,2015-12-11 16:04:35+00,"{""link"":1,""total"":1,""awardee"":0,""awarder"":0,""comment"":0}",false,,"{""list"":[""Nine-Year Club""],""count"":1}",active
trdc5,gma26,2016-01-13 18:10:51+00,"{""link"":15,""total"":15,""awardee"":0,""awarder"":0,""comment"":0}",false,,"{""list"":[""Eight-Year Club""],""count"":1}",active